,Relation,Accuracy,Count,Dataset,Model,Seed
0,above,0.4684014869888476,269,VG_Relation,openai-clip:ViT-B/32,1
1,adjusting,1.0,1,VG_Relation,openai-clip:ViT-B/32,1
2,around,0.45454545454545453,22,VG_Relation,openai-clip:ViT-B/32,1
3,at,0.5866666666666667,75,VG_Relation,openai-clip:ViT-B/32,1
4,attached to,0.6666666666666666,3,VG_Relation,openai-clip:ViT-B/32,1
5,behind,0.5609756097560976,574,VG_Relation,openai-clip:ViT-B/32,1
6,below,0.5598086124401914,209,VG_Relation,openai-clip:ViT-B/32,1
7,beneath,0.8,10,VG_Relation,openai-clip:ViT-B/32,1
8,beside,0.4107142857142857,56,VG_Relation,openai-clip:ViT-B/32,1
9,between,0.5,4,VG_Relation,openai-clip:ViT-B/32,1
10,bigger than,1.0,1,VG_Relation,openai-clip:ViT-B/32,1
11,biting,1.0,1,VG_Relation,openai-clip:ViT-B/32,1
12,boarding,1.0,2,VG_Relation,openai-clip:ViT-B/32,1
13,brushing,0.0,1,VG_Relation,openai-clip:ViT-B/32,1
14,by,0.40594059405940597,101,VG_Relation,openai-clip:ViT-B/32,1
15,carrying,0.3333333333333333,12,VG_Relation,openai-clip:ViT-B/32,1
16,chewing,1.0,1,VG_Relation,openai-clip:ViT-B/32,1
17,cleaning,0.0,1,VG_Relation,openai-clip:ViT-B/32,1
18,climbing,1.0,1,VG_Relation,openai-clip:ViT-B/32,1
19,close to,0.6,5,VG_Relation,openai-clip:ViT-B/32,1
20,coming from,0.6,5,VG_Relation,openai-clip:ViT-B/32,1
21,coming out of,1.0,1,VG_Relation,openai-clip:ViT-B/32,1
22,contain,0.8333333333333334,6,VG_Relation,openai-clip:ViT-B/32,1
23,covered by,0.5,36,VG_Relation,openai-clip:ViT-B/32,1
24,covered in,0.7857142857142857,14,VG_Relation,openai-clip:ViT-B/32,1
25,covered with,0.5625,16,VG_Relation,openai-clip:ViT-B/32,1
26,covering,0.3939393939393939,33,VG_Relation,openai-clip:ViT-B/32,1
27,crossing,0.75,8,VG_Relation,openai-clip:ViT-B/32,1
28,cutting,0.75,12,VG_Relation,openai-clip:ViT-B/32,1
29,dragging,1.0,1,VG_Relation,openai-clip:ViT-B/32,1
30,draped over,0.0,1,VG_Relation,openai-clip:ViT-B/32,1
31,drinking,0.0,2,VG_Relation,openai-clip:ViT-B/32,1
32,drinking from,1.0,1,VG_Relation,openai-clip:ViT-B/32,1
33,driving,0.0,1,VG_Relation,openai-clip:ViT-B/32,1
34,driving down,1.0,1,VG_Relation,openai-clip:ViT-B/32,1
35,driving on,0.6666666666666666,6,VG_Relation,openai-clip:ViT-B/32,1
36,eating,0.5714285714285714,21,VG_Relation,openai-clip:ViT-B/32,1
37,eating from,0.5,4,VG_Relation,openai-clip:ViT-B/32,1
38,eating in,0.5,2,VG_Relation,openai-clip:ViT-B/32,1
39,enclosing,0.0,1,VG_Relation,openai-clip:ViT-B/32,1
40,exiting,0.0,1,VG_Relation,openai-clip:ViT-B/32,1
41,facing,0.3333333333333333,3,VG_Relation,openai-clip:ViT-B/32,1
42,feeding,0.9,10,VG_Relation,openai-clip:ViT-B/32,1
43,filled with,0.6666666666666666,6,VG_Relation,openai-clip:ViT-B/32,1
44,floating in,1.0,3,VG_Relation,openai-clip:ViT-B/32,1
45,floating on,0.0,1,VG_Relation,openai-clip:ViT-B/32,1
46,flying,0.5,4,VG_Relation,openai-clip:ViT-B/32,1
47,flying above,1.0,1,VG_Relation,openai-clip:ViT-B/32,1
48,flying in,0.42857142857142855,7,VG_Relation,openai-clip:ViT-B/32,1
49,flying over,1.0,1,VG_Relation,openai-clip:ViT-B/32,1
50,flying through,1.0,1,VG_Relation,openai-clip:ViT-B/32,1
51,full of,0.75,4,VG_Relation,openai-clip:ViT-B/32,1
52,going down,1.0,1,VG_Relation,openai-clip:ViT-B/32,1
53,going into,0.0,1,VG_Relation,openai-clip:ViT-B/32,1
54,going through,1.0,2,VG_Relation,openai-clip:ViT-B/32,1
55,grazing in,0.5,2,VG_Relation,openai-clip:ViT-B/32,1
56,grazing on,0.1,10,VG_Relation,openai-clip:ViT-B/32,1
57,growing in,0.6666666666666666,3,VG_Relation,openai-clip:ViT-B/32,1
58,growing on,0.0,8,VG_Relation,openai-clip:ViT-B/32,1
59,guiding,1.0,1,VG_Relation,openai-clip:ViT-B/32,1
60,hanging from,0.3333333333333333,3,VG_Relation,openai-clip:ViT-B/32,1
61,hanging in,1.0,1,VG_Relation,openai-clip:ViT-B/32,1
62,hanging off,1.0,2,VG_Relation,openai-clip:ViT-B/32,1
63,hanging on,0.7857142857142857,14,VG_Relation,openai-clip:ViT-B/32,1
64,hanging over,1.0,1,VG_Relation,openai-clip:ViT-B/32,1
65,higher than,1.0,1,VG_Relation,openai-clip:ViT-B/32,1
66,holding,0.5774647887323944,142,VG_Relation,openai-clip:ViT-B/32,1
67,holding onto,0.0,1,VG_Relation,openai-clip:ViT-B/32,1
68,hugging,0.6666666666666666,3,VG_Relation,openai-clip:ViT-B/32,1
69,in,0.6299435028248588,708,VG_Relation,openai-clip:ViT-B/32,1
70,in between,0.0,1,VG_Relation,openai-clip:ViT-B/32,1
71,in front of,0.5357142857142857,588,VG_Relation,openai-clip:ViT-B/32,1
72,inside,0.5,58,VG_Relation,openai-clip:ViT-B/32,1
73,jumping off,1.0,1,VG_Relation,openai-clip:ViT-B/32,1
74,jumping on,1.0,1,VG_Relation,openai-clip:ViT-B/32,1
75,jumping over,1.0,3,VG_Relation,openai-clip:ViT-B/32,1
76,kept in,1.0,3,VG_Relation,openai-clip:ViT-B/32,1
77,larger than,1.0,1,VG_Relation,openai-clip:ViT-B/32,1
78,leading,1.0,2,VG_Relation,openai-clip:ViT-B/32,1
79,leaning against,0.8888888888888888,9,VG_Relation,openai-clip:ViT-B/32,1
80,leaning on,0.6666666666666666,12,VG_Relation,openai-clip:ViT-B/32,1
81,leaning over,0.75,8,VG_Relation,openai-clip:ViT-B/32,1
82,leaving,0.0,1,VG_Relation,openai-clip:ViT-B/32,1
83,licking,1.0,1,VG_Relation,openai-clip:ViT-B/32,1
84,longer than,1.0,1,VG_Relation,openai-clip:ViT-B/32,1
85,looking at,0.8064516129032258,31,VG_Relation,openai-clip:ViT-B/32,1
86,looking in,0.7142857142857143,7,VG_Relation,openai-clip:ViT-B/32,1
87,looking into,1.0,3,VG_Relation,openai-clip:ViT-B/32,1
88,looking out,1.0,2,VG_Relation,openai-clip:ViT-B/32,1
89,looking over,0.0,1,VG_Relation,openai-clip:ViT-B/32,1
90,looking through,1.0,1,VG_Relation,openai-clip:ViT-B/32,1
91,lying in,0.4666666666666667,15,VG_Relation,openai-clip:ViT-B/32,1
92,lying next to,1.0,1,VG_Relation,openai-clip:ViT-B/32,1
93,lying on,0.6,60,VG_Relation,openai-clip:ViT-B/32,1
94,lying on top of,0.5714285714285714,7,VG_Relation,openai-clip:ViT-B/32,1
95,making,1.0,1,VG_Relation,openai-clip:ViT-B/32,1
96,mixed with,0.0,1,VG_Relation,openai-clip:ViT-B/32,1
97,mounted on,0.3333333333333333,3,VG_Relation,openai-clip:ViT-B/32,1
98,moving,1.0,1,VG_Relation,openai-clip:ViT-B/32,1
99,near,0.49201741654571846,689,VG_Relation,openai-clip:ViT-B/32,1
100,next to,0.47783251231527096,203,VG_Relation,openai-clip:ViT-B/32,1
101,of,0.4305177111716621,367,VG_Relation,openai-clip:ViT-B/32,1
102,on,0.5225653206650831,1684,VG_Relation,openai-clip:ViT-B/32,1
103,on the back of,0.5,4,VG_Relation,openai-clip:ViT-B/32,1
104,on the edge of,0.0,2,VG_Relation,openai-clip:ViT-B/32,1
105,on the front of,0.625,8,VG_Relation,openai-clip:ViT-B/32,1
106,on the other side of,0.0,1,VG_Relation,openai-clip:ViT-B/32,1
107,on the side of,0.26666666666666666,45,VG_Relation,openai-clip:ViT-B/32,1
108,on top of,0.42786069651741293,201,VG_Relation,openai-clip:ViT-B/32,1
109,opening,0.5,2,VG_Relation,openai-clip:ViT-B/32,1
110,painted on,0.6666666666666666,3,VG_Relation,openai-clip:ViT-B/32,1
111,parked at,0.75,4,VG_Relation,openai-clip:ViT-B/32,1
112,parked beside,1.0,1,VG_Relation,openai-clip:ViT-B/32,1
113,parked by,0.3333333333333333,3,VG_Relation,openai-clip:ViT-B/32,1
114,parked in,0.8571428571428571,7,VG_Relation,openai-clip:ViT-B/32,1
115,parked in front of,1.0,3,VG_Relation,openai-clip:ViT-B/32,1
116,parked near,1.0,2,VG_Relation,openai-clip:ViT-B/32,1
117,parked next to,1.0,4,VG_Relation,openai-clip:ViT-B/32,1
118,parked on,0.6666666666666666,21,VG_Relation,openai-clip:ViT-B/32,1
119,perched on,0.5,2,VG_Relation,openai-clip:ViT-B/32,1
120,petting,1.0,2,VG_Relation,openai-clip:ViT-B/32,1
121,piled on,1.0,1,VG_Relation,openai-clip:ViT-B/32,1
122,playing,1.0,2,VG_Relation,openai-clip:ViT-B/32,1
123,playing in,1.0,7,VG_Relation,openai-clip:ViT-B/32,1
124,playing on,1.0,4,VG_Relation,openai-clip:ViT-B/32,1
125,playing with,0.5,4,VG_Relation,openai-clip:ViT-B/32,1
126,pouring,1.0,1,VG_Relation,openai-clip:ViT-B/32,1
127,pulled by,0.6666666666666666,9,VG_Relation,openai-clip:ViT-B/32,1
128,pulling,0.3333333333333333,9,VG_Relation,openai-clip:ViT-B/32,1
129,reaching for,1.0,1,VG_Relation,openai-clip:ViT-B/32,1
130,reading,0.4,5,VG_Relation,openai-clip:ViT-B/32,1
131,reflected in,0.6428571428571429,14,VG_Relation,openai-clip:ViT-B/32,1
132,reflected on,0.0,2,VG_Relation,openai-clip:ViT-B/32,1
133,resting on,0.38461538461538464,13,VG_Relation,openai-clip:ViT-B/32,1
134,riding,0.7058823529411765,51,VG_Relation,openai-clip:ViT-B/32,1
135,riding on,0.75,4,VG_Relation,openai-clip:ViT-B/32,1
136,running in,0.0,1,VG_Relation,openai-clip:ViT-B/32,1
137,running on,1.0,3,VG_Relation,openai-clip:ViT-B/32,1
138,running through,1.0,2,VG_Relation,openai-clip:ViT-B/32,1
139,seen through,0.0,1,VG_Relation,openai-clip:ViT-B/32,1
140,sitting at,0.6153846153846154,26,VG_Relation,openai-clip:ViT-B/32,1
141,sitting behind,0.5,2,VG_Relation,openai-clip:ViT-B/32,1
142,sitting beside,0.5,2,VG_Relation,openai-clip:ViT-B/32,1
143,sitting by,0.6666666666666666,3,VG_Relation,openai-clip:ViT-B/32,1
144,sitting in,0.5652173913043478,23,VG_Relation,openai-clip:ViT-B/32,1
145,sitting in front of,0.75,4,VG_Relation,openai-clip:ViT-B/32,1
146,sitting near,0.6666666666666666,3,VG_Relation,openai-clip:ViT-B/32,1
147,sitting next to,0.75,4,VG_Relation,openai-clip:ViT-B/32,1
148,sitting on,0.5885714285714285,175,VG_Relation,openai-clip:ViT-B/32,1
149,sitting on top of,0.5,10,VG_Relation,openai-clip:ViT-B/32,1
150,sitting under,0.0,2,VG_Relation,openai-clip:ViT-B/32,1
151,skiing down,1.0,1,VG_Relation,openai-clip:ViT-B/32,1
152,skiing on,0.5,2,VG_Relation,openai-clip:ViT-B/32,1
153,sleeping in,1.0,1,VG_Relation,openai-clip:ViT-B/32,1
154,sleeping on,0.4,5,VG_Relation,openai-clip:ViT-B/32,1
155,smiling at,0.0,1,VG_Relation,openai-clip:ViT-B/32,1
156,sniffing,1.0,2,VG_Relation,openai-clip:ViT-B/32,1
157,splashing,1.0,1,VG_Relation,openai-clip:ViT-B/32,1
158,sprinkled on,1.0,1,VG_Relation,openai-clip:ViT-B/32,1
159,stacked on,0.0,1,VG_Relation,openai-clip:ViT-B/32,1
160,standing against,1.0,3,VG_Relation,openai-clip:ViT-B/32,1
161,standing around,1.0,1,VG_Relation,openai-clip:ViT-B/32,1
162,standing behind,0.8333333333333334,6,VG_Relation,openai-clip:ViT-B/32,1
163,standing beside,0.75,4,VG_Relation,openai-clip:ViT-B/32,1
164,standing by,0.6666666666666666,12,VG_Relation,openai-clip:ViT-B/32,1
165,standing in,0.7288135593220338,59,VG_Relation,openai-clip:ViT-B/32,1
166,standing in front of,0.4,5,VG_Relation,openai-clip:ViT-B/32,1
167,standing near,0.8571428571428571,7,VG_Relation,openai-clip:ViT-B/32,1
168,standing next to,0.8571428571428571,7,VG_Relation,openai-clip:ViT-B/32,1
169,standing on,0.5961538461538461,52,VG_Relation,openai-clip:ViT-B/32,1
170,staring at,0.5,2,VG_Relation,openai-clip:ViT-B/32,1
171,stuck in,0.6666666666666666,3,VG_Relation,openai-clip:ViT-B/32,1
172,surrounded by,0.6428571428571429,14,VG_Relation,openai-clip:ViT-B/32,1
173,surrounding,0.625,8,VG_Relation,openai-clip:ViT-B/32,1
174,swimming in,0.5,2,VG_Relation,openai-clip:ViT-B/32,1
175,swinging,1.0,6,VG_Relation,openai-clip:ViT-B/32,1
176,talking to,0.3333333333333333,3,VG_Relation,openai-clip:ViT-B/32,1
177,to the left of,0.4927012013951686,7741,VG_Relation,openai-clip:ViT-B/32,1
178,to the right of,0.490763467252293,7741,VG_Relation,openai-clip:ViT-B/32,1
179,topped with,0.6666666666666666,3,VG_Relation,openai-clip:ViT-B/32,1
180,touching,0.14285714285714285,7,VG_Relation,openai-clip:ViT-B/32,1
181,traveling down,0.0,1,VG_Relation,openai-clip:ViT-B/32,1
182,traveling on,1.0,1,VG_Relation,openai-clip:ViT-B/32,1
183,tying,0.5,2,VG_Relation,openai-clip:ViT-B/32,1
184,typing on,0.0,1,VG_Relation,openai-clip:ViT-B/32,1
185,under,0.6363636363636364,132,VG_Relation,openai-clip:ViT-B/32,1
186,underneath,0.5,6,VG_Relation,openai-clip:ViT-B/32,1
187,using,0.8421052631578947,19,VG_Relation,openai-clip:ViT-B/32,1
188,wading in,0.5,2,VG_Relation,openai-clip:ViT-B/32,1
189,waiting for,1.0,2,VG_Relation,openai-clip:ViT-B/32,1
190,walking across,1.0,1,VG_Relation,openai-clip:ViT-B/32,1
191,walking by,1.0,1,VG_Relation,openai-clip:ViT-B/32,1
192,walking down,0.5,4,VG_Relation,openai-clip:ViT-B/32,1
193,walking in,0.7,10,VG_Relation,openai-clip:ViT-B/32,1
194,walking next to,0.5,2,VG_Relation,openai-clip:ViT-B/32,1
195,walking on,0.7368421052631579,19,VG_Relation,openai-clip:ViT-B/32,1
196,walking through,1.0,1,VG_Relation,openai-clip:ViT-B/32,1
197,watching,0.45454545454545453,22,VG_Relation,openai-clip:ViT-B/32,1
198,wearing,0.4678609062170706,949,VG_Relation,openai-clip:ViT-B/32,1
199,with,0.5714285714285714,112,VG_Relation,openai-clip:ViT-B/32,1
200,working in,0.0,1,VG_Relation,openai-clip:ViT-B/32,1
201,working on,0.8333333333333334,6,VG_Relation,openai-clip:ViT-B/32,1
202,worn on,1.0,2,VG_Relation,openai-clip:ViT-B/32,1
203,wrapped around,1.0,1,VG_Relation,openai-clip:ViT-B/32,1
204,wrapped in,0.0,2,VG_Relation,openai-clip:ViT-B/32,1
